{
  "feature_quantiles": {
    "intraday_range": {
      "adx_4h": {
        "q10": 17.685529114074303,
        "q25": 22.628467042239365,
        "q50": 30.65563410377525,
        "q75": 38.78190508595251,
        "q90": 57.5632686873191
      },
      "bb_width_1h_pct": {
        "q10": 18.740079365079367,
        "q25": 32.93650793650794,
        "q50": 61.50793650793651,
        "q75": 81.34920634920636,
        "q90": 93.25396825396825
      },
      "bbwp_15m_pct": {
        "q10": 10.714285714285714,
        "q25": 33.23412698412698,
        "q50": 57.936507936507944,
        "q75": 77.77777777777779,
        "q90": 92.85714285714286
      },
      "bbwp_1h_pct": {
        "q10": 18.740079365079367,
        "q25": 32.93650793650794,
        "q50": 61.50793650793651,
        "q75": 81.34920634920636,
        "q90": 93.25396825396825
      },
      "bbwp_4h_pct": {
        "q10": 16.535433070866144,
        "q25": 43.01075268817204,
        "q50": 71.72774869109948,
        "q75": 91.71974522292994,
        "q90": 100.0
      },
      "ema_dist_frac_1h": {
        "q10": 0.0014726690813100097,
        "q25": 0.004689900608842557,
        "q50": 0.010910544571648874,
        "q75": 0.01883999025710829,
        "q90": 0.04077763114727261
      },
      "rvol_15m": {
        "q10": 0.34363554052676226,
        "q25": 0.4814736316113151,
        "q50": 0.7393471544271994,
        "q75": 1.1527959224193518,
        "q90": 1.8794350131217952
      },
      "vol_ratio_1h": {
        "q10": 0.3426834630152045,
        "q25": 0.46751419341109895,
        "q50": 0.7501352127688665,
        "q75": 1.1595576424680705,
        "q90": 1.8167236601549268
      }
    },
    "intraday_trend": {
      "adx_4h": {
        "q10": 20.57777685913493,
        "q25": 23.812655265124313,
        "q50": 35.10687724996364,
        "q75": 59.82152204155663,
        "q90": 66.06789797995452
      },
      "bb_width_1h_pct": {
        "q10": 21.413085559427028,
        "q25": 41.26984126984127,
        "q50": 58.730158730158735,
        "q75": 79.36507936507937,
        "q90": 92.53968253968256
      },
      "bbwp_15m_pct": {
        "q10": 13.253968253968257,
        "q25": 26.984126984126984,
        "q50": 56.34920634920635,
        "q75": 78.17460317460318,
        "q90": 92.06349206349206
      },
      "bbwp_1h_pct": {
        "q10": 21.413085559427028,
        "q25": 41.26984126984127,
        "q50": 58.730158730158735,
        "q75": 79.36507936507937,
        "q90": 92.53968253968256
      },
      "bbwp_4h_pct": {
        "q10": 29.82456140350877,
        "q25": 51.973684210526315,
        "q50": 75.25773195876289,
        "q75": 97.01492537313433,
        "q90": 100.0
      },
      "ema_dist_frac_1h": {
        "q10": 0.0036051895889193416,
        "q25": 0.006000534526582562,
        "q50": 0.012785785236760605,
        "q75": 0.03889578425934247,
        "q90": 0.054312347061838594
      },
      "rvol_15m": {
        "q10": 0.37873052441960003,
        "q25": 0.5058174607616887,
        "q50": 0.7384251074442125,
        "q75": 1.2741143896957552,
        "q90": 2.141993448841669
      },
      "vol_ratio_1h": {
        "q10": 0.3480238318798511,
        "q25": 0.5494052662413543,
        "q50": 0.8389364334609486,
        "q75": 1.375715569035492,
        "q90": 2.3184559073758786
      }
    },
    "swing_range": {
      "adx_4h": {
        "q10": 18.400547401479884,
        "q25": 23.59563835077826,
        "q50": 31.602590178003172,
        "q75": 38.370038125279535,
        "q90": 53.74488758907154
      },
      "bb_width_1h_pct": {
        "q10": 14.402173913043482,
        "q25": 24.519230769230766,
        "q50": 52.77777777777778,
        "q75": 76.92307692307693,
        "q90": 91.82720483977694
      },
      "bbwp_15m_pct": {
        "q10": 4.761904761904762,
        "q25": 20.634920634920633,
        "q50": 48.611111111111114,
        "q75": 72.61904761904762,
        "q90": 91.26984126984127
      },
      "bbwp_1h_pct": {
        "q10": 14.402173913043482,
        "q25": 24.519230769230766,
        "q50": 52.77777777777778,
        "q75": 76.92307692307693,
        "q90": 91.82720483977694
      },
      "bbwp_4h_pct": {
        "q10": 12.5,
        "q25": 32.22222222222222,
        "q50": 73.91304347826086,
        "q75": 92.53462853031121,
        "q90": 100.0
      },
      "ema_dist_frac_1h": {
        "q10": 0.0019420101052493304,
        "q25": 0.0046062856472038295,
        "q50": 0.01015012711054987,
        "q75": 0.01646284411187073,
        "q90": 0.022601331683570293
      },
      "rvol_15m": {
        "q10": 0.3495111252041278,
        "q25": 0.501961303898203,
        "q50": 0.737183934616702,
        "q75": 1.1795785629091189,
        "q90": 2.0272896440032055
      },
      "vol_ratio_1h": {
        "q10": 0.3337352008979446,
        "q25": 0.47630567713659466,
        "q50": 0.7055931907386799,
        "q75": 1.2033075084980283,
        "q90": 2.040193054563243
      }
    },
    "swing_trend": {
      "adx_4h": {
        "q10": 15.814178532762392,
        "q25": 19.802942981459296,
        "q50": 24.71643931118806,
        "q75": 52.490312784962605,
        "q90": 63.1612522824627
      },
      "bb_width_1h_pct": {
        "q10": 19.841269841269842,
        "q25": 39.285714285714285,
        "q50": 59.523809523809526,
        "q75": 83.23412698412699,
        "q90": 94.04761904761905
      },
      "bbwp_15m_pct": {
        "q10": 15.873015873015872,
        "q25": 34.523809523809526,
        "q50": 64.68253968253968,
        "q75": 80.55555555555556,
        "q90": 92.85714285714286
      },
      "bbwp_1h_pct": {
        "q10": 19.841269841269842,
        "q25": 39.285714285714285,
        "q50": 59.523809523809526,
        "q75": 83.23412698412699,
        "q90": 94.04761904761905
      },
      "bbwp_4h_pct": {
        "q10": 15.894909688013136,
        "q25": 42.857142857142854,
        "q50": 63.541666666666664,
        "q75": 77.96610169491525,
        "q90": 96.875
      },
      "ema_dist_frac_1h": {
        "q10": 0.0010526953341212948,
        "q25": 0.0036130748843771873,
        "q50": 0.006835692140599471,
        "q75": 0.017277091964543672,
        "q90": 0.041083320689796914
      },
      "rvol_15m": {
        "q10": 0.37168166993904905,
        "q25": 0.498215555863125,
        "q50": 0.728427079554687,
        "q75": 1.210795517663375,
        "q90": 1.9502956626533223
      },
      "vol_ratio_1h": {
        "q10": 0.3250885070568538,
        "q25": 0.4772534526357949,
        "q50": 0.7883510656287441,
        "q75": 1.2263827564926666,
        "q90": 2.2163825998226017
      }
    }
  },
  "label_config": {
    "intraday": {
      "horizon_bars": 16,
      "range_eff_max": 0.4,
      "range_ret_max": 0.008,
      "range_span_max": 0.045,
      "range_span_min": 0.006,
      "trend_eff_min": 0.6,
      "trend_ret_min": 0.015
    },
    "swing": {
      "horizon_bars": 96,
      "range_eff_max": 0.45,
      "range_ret_max": 0.015,
      "range_span_max": 0.08,
      "range_span_min": 0.01,
      "trend_eff_min": 0.65,
      "trend_ret_min": 0.03
    }
  },
  "labels": {
    "intraday": {
      "range_label": 1280,
      "rows_total": 3623,
      "trend_label": 515
    },
    "swing": {
      "range_label": 1174,
      "rows_total": 3623,
      "trend_label": 802
    }
  },
  "meta": {
    "data_dir": "/freqtrade/user_data/data/binance",
    "end_utc": "2026-02-12 01:30:00+00:00",
    "pair": "ETH/USDT",
    "rows_raw": 4039,
    "rows_valid_features": 3623,
    "source_path": "/freqtrade/user_data/data/binance/ETH_USDT-15m.feather",
    "start_utc": "2026-01-01 00:00:00+00:00",
    "timeframe": "15m",
    "timerange": null
  },
  "recommended_thresholds": {
    "intraday": {
      "adx_enter_max": 38.7819,
      "adx_exit_max": 57.5633,
      "bbw_1h_pct_max": 84.5238,
      "bbwp_l_max": 91.7197,
      "bbwp_m_max": 81.3492,
      "bbwp_s_max": 77.7778,
      "ema_dist_max_frac": 0.01884,