{
  "feature_quantiles": {
    "intraday_range": {
      "adx_4h": {
        "q10": 14.155098313279776,
        "q25": 18.075046692822074,
        "q50": 24.88336092362168,
        "q75": 35.921104276203934,
        "q90": 46.66062313753186
      },
      "bb_width_1h_pct": {
        "q10": 9.126984126984127,
        "q25": 25.0,
        "q50": 48.41269841269841,
        "q75": 74.60317460317461,
        "q90": 90.87301587301587
      },
      "bbwp_15m_pct": {
        "q10": 7.936507936507936,
        "q25": 21.825396825396826,
        "q50": 49.2063492063492,
        "q75": 75.79365079365078,
        "q90": 90.87301587301587
      },
      "bbwp_1h_pct": {
        "q10": 9.126984126984127,
        "q25": 25.0,
        "q50": 48.41269841269841,
        "q75": 74.60317460317461,
        "q90": 90.87301587301587
      },
      "bbwp_4h_pct": {
        "q10": 10.317460317460316,
        "q25": 24.6031746031746,
        "q50": 48.80952380952381,
        "q75": 75.0,
        "q90": 90.07936507936508
      },
      "ema_dist_frac_1h": {
        "q10": 0.0012254367908153673,
        "q25": 0.003395584822707057,
        "q50": 0.007894777397963241,
        "q75": 0.014936298841693292,
        "q90": 0.023020940044610968
      },
      "rvol_15m": {
        "q10": 0.4104010770383112,
        "q25": 0.5636433129424653,
        "q50": 0.8026900158679167,
        "q75": 1.2025705311727397,
        "q90": 1.8460653979843094
      },
      "vol_ratio_1h": {
        "q10": 0.41223090482424946,
        "q25": 0.5513520605820715,
        "q50": 0.786645330359419,
        "q75": 1.2121866959573528,
        "q90": 1.8326069364477802
      }
    },
    "intraday_trend": {
      "adx_4h": {
        "q10": 14.447313392499401,
        "q25": 19.052984948692604,
        "q50": 27.026208738708288,
        "q75": 38.6804808979885,
        "q90": 47.642257465662425
      },
      "bb_width_1h_pct": {
        "q10": 11.904761904761903,
        "q25": 28.968253968253972,
        "q50": 55.158730158730165,
        "q75": 78.57142857142857,
        "q90": 92.85714285714286
      },
      "bbwp_15m_pct": {
        "q10": 10.714285714285714,
        "q25": 28.57142857142857,
        "q50": 57.14285714285714,
        "q75": 81.44841269841271,
        "q90": 94.04761904761905
      },
      "bbwp_1h_pct": {
        "q10": 11.904761904761903,
        "q25": 28.968253968253972,
        "q50": 55.158730158730165,
        "q75": 78.57142857142857,
        "q90": 92.85714285714286
      },
      "bbwp_4h_pct": {
        "q10": 12.3015873015873,
        "q25": 29.761904761904763,
        "q50": 54.761904761904766,
        "q75": 82.14285714285714,
        "q90": 94.44444444444444
      },
      "ema_dist_frac_1h": {
        "q10": 0.001279376973317846,
        "q25": 0.003542313958677348,
        "q50": 0.008860181488584157,
        "q75": 0.017637716758293495,
        "q90": 0.03001934245300141
      },
      "rvol_15m": {
        "q10": 0.4209292516592935,
        "q25": 0.5756466153090969,
        "q50": 0.8430504759439974,
        "q75": 1.2892542909139586,
        "q90": 2.0180514695575256
      },
      "vol_ratio_1h": {
        "q10": 0.44683682928154117,
        "q25": 0.6215063382721534,
        "q50": 0.9033846838874388,
        "q75": 1.471699537293561,
        "q90": 2.3301740426187956
      }
    },
    "swing_range": {
      "adx_4h": {
        "q10": 13.962656426583818,
        "q25": 17.561947147925352,
        "q50": 24.1119855862217,
        "q75": 35.105444486602394,
        "q90": 45.10264847091511
      },
      "bb_width_1h_pct": {
        "q10": 7.142857142857142,
        "q25": 21.825396825396826,
        "q50": 44.44444444444444,
        "q75": 71.82539682539682,
        "q90": 89.28571428571429
      },
      "bbwp_15m_pct": {
        "q10": 6.746031746031746,
        "q25": 20.238095238095237,
        "q50": 46.42857142857143,
        "q75": 73.4126984126984,
        "q90": 90.47619047619048
      },
      "bbwp_1h_pct": {
        "q10": 7.142857142857142,
        "q25": 21.825396825396826,
        "q50": 44.44444444444444,
        "q75": 71.82539682539682,
        "q90": 89.28571428571429
      },
      "bbwp_4h_pct": {
        "q10": 9.126984126984127,
        "q25": 24.6031746031746,
        "q50": 46.875,
        "q75": 72.22222222222221,
        "q90": 88.88888888888889
      },
      "ema_dist_frac_1h": {
        "q10": 0.0011744775737144797,
        "q25": 0.0032882447207136707,
        "q50": 0.007532400662535438,
        "q75": 0.014542976827399155,
        "q90": 0.021589532324561355
      },
      "rvol_15m": {
        "q10": 0.41280591074228046,
        "q25": 0.5655386082258086,
        "q50": 0.8014284417006092,
        "q75": 1.1998307829418686,
        "q90": 1.8278413224445778
      },
      "vol_ratio_1h": {
        "q10": 0.3952083146731215,
        "q25": 0.5303632389425724,
        "q50": 0.7718017516132586,
        "q75": 1.1788802577030233,
        "q90": 1.8198060722973814
      }
    },
    "swing_trend": {
      "adx_4h": {
        "q10": 14.46165119924029,
        "q25": 18.396528742042328,
        "q50": 25.773742550222682,
        "q75": 37.69749183183765,
        "q90": 48.43092733305518
      },
      "bb_width_1h_pct": {
        "q10": 9.920634920634921,
        "q25": 26.190476190476193,
        "q50": 52.38095238095239,
        "q75": 77.77777777777779,
        "q90": 92.06349206349206
      },
      "bbwp_15m_pct": {
        "q10": 8.73015873015873,
        "q25": 23.41269841269841,
        "q50": 51.587301587301596,
        "q75": 77.77777777777779,
        "q90": 92.46031746031747
      },
      "bbwp_1h_pct": {
        "q10": 9.920634920634921,
        "q25": 26.190476190476193,
        "q50": 52.38095238095239,
        "q75": 77.77777777777779,
        "q90": 92.06349206349206
      },
      "bbwp_4h_pct": {
        "q10": 11.507936507936508,
        "q25": 22.61904761904762,
        "q50": 45.63492063492063,
        "q75": 74.20634920634922,
        "q90": 90.87301587301587
      },
      "ema_dist_frac_1h": {
        "q10": 0.001146891865546914,
        "q25": 0.0033671843519445313,
        "q50": 0.007625123940349517,
        "q75": 0.014463719561248888,
        "q90": 0.02430706478449906
      },
      "rvol_15m": {
        "q10": 0.4091442513454085,
        "q25": 0.5587349248183636,
        "q50": 0.8130248637766344,
        "q75": 1.2224671614557376,
        "q90": 1.9013680555863304
      },
      "vol_ratio_1h": {
        "q10": 0.4321914928582569,
        "q25": 0.5803729521907305,
        "q50": 0.829120220679041,
        "q75": 1.2897403423359108,
        "q90": 1.943880338622778
      }
    }
  },
  "label_config": {
    "intraday": {
      "horizon_bars": 16,
      "range_eff_max": 0.4,
      "range_ret_max": 0.008,
      "range_span_max": 0.045,
      "range_span_min": 0.006,
      "trend_eff_min": 0.6,
      "trend_ret_min": 0.015
    },
    "swing": {
      "horizon_bars": 96,
      "range_eff_max": 0.45,
      "range_ret_max": 0.015,
      "range_span_max": 0.08,
      "range_span_min": 0.01,
      "trend_eff_min": 0.65,
      "trend_ret_min": 0.03
    }
  },
  "labels": {
    "intraday": {
      "range_label": 26550,
      "rows_total": 63904,
      "trend_label": 9104
    },
    "swing": {
      "range_label": 25193,
      "rows_total": 63904,
      "trend_label": 11438
    }
  },
  "meta": {
    "data_dir": "/freqtrade/user_data/data/binance",
    "end_utc": "2025-10-31 23:45:00+00:00",
    "pair": "ETH/USDT",
    "rows_raw": 64320,
    "rows_valid_features": 63904,
    "source_path": "/freqtrade/user_data/data/binance/ETH_USDT-15m.feather",
    "start_utc": "2024-01-01 00:00:00+00:00",
    "timeframe": "15m",
    "timerange": "20240101-20251101"
  },
  "recommended_thresholds": {
    "intraday": {
      "adx_enter_max": 35.9211,
      "adx_exit_max": 46.6606,
      "bbw_1h_pct_max": 80.1587,
      "bbwp_l_max": 75.0,
      "bbwp_m_max": 74.6032,
      "bbwp_s_max": 75.7937,