{
  "action": "HOLD",
  "candle_time_utc": "2026-02-04T19:15:00+00:00",
  "candle_ts": 1770232500,
  "capital_policy": {
    "grid_budget_pct": 0.7,
    "mode": "QUOTE_ONLY",
    "reserve_pct": 0.3
  },
  "diagnostics": {
    "price_in_box": true,
    "rsi_ok": true,
    "start_block_reasons": [
      "gate_fail:adx_ok",
      "gate_fail:ema_dist_ok",
      "gate_fail:bbwp_gate_ok",
      "gate_fail:fvg_gate_ok"
    ],
    "start_blocked": false,
    "start_gate_ok": false,
    "start_signal": false,
    "stop_reason_flags_applied_active": [],
    "stop_reason_flags_raw_active": [],
    "stop_rule_triggered": false,
    "stop_rule_triggered_raw": false
  },
  "exchange": "binance",
  "exit": {
    "enabled": true,
    "sl_price": 2046.282260085883,
    "sl_step_multiple": 1.0,
    "source": "box_plus_step_multiples",
    "tp_candidates": {
      "base_tp": 2319.4215706314694,
      "cvd_quick_tp_candidate": null,
      "cvd_quick_tp_trigger": false,
      "fvg_position_down_avg": 2238.2175,
      "fvg_position_up_avg": 2233.835,
      "imfvg_avg_bear": 2267.632894736842,
      "imfvg_avg_bull": 2259.5392307692305,
      "ml_breakout_risk_high": false,
      "ml_p_breakout": null,
      "ml_p_range": null,
      "ml_quick_tp_candidate": null,
      "mrvd_day_poc": 2295.81828125,
      "mrvd_month_poc": 2341.6682812500003,
      "mrvd_week_poc": 2309.608671875,
      "session_fvg_avg": 2236.970769230769
    },
    "tp_price": 2319.4215706314694,
    "tp_price_base": 2319.4215706314694,
    "tp_step_multiple": 0.75
  },
  "grid": {
    "est_fee_pct": 0.002,
    "est_spread_pct": 0.0005,
    "gross_step_min_pct": 0.006500000000000001,
    "n_levels": 12,
    "post_only": true,
    "rung_density_bias": {
      "enabled": true,
      "hvn_boost": 1.0,
      "lvn_penalty": 0.4,
      "source": "micro_vap_hvn_lvn",
      "weight_max": 3.0,
      "weight_min": 0.2,
      "weights_by_level_index": [
        0.54,
        0.5283333333333334,
        0.5166666666666668,
        1.5964095182106575,
        2.2499051480868477,
        0.48166666666666674,
        0.46999999999999986,
        1.640692731702325,
        0.4466666666666667,
        0.43500000000000005,
        1.0583333333333336,
        1.0291666666666666,
        1.2327844456337882
      ]
    },
    "step_pct_actual": 0.009089991754393775,
    "step_price": 19.86467713058812,
    "target_net_step_pct": 0.004
  },
  "notes": {
    "brain_mode": "deterministic_v1",
    "expect_0_trades_in_freqtrade": true,
    "ml": "freqai_confidence_overlay_v1"
  },
  "price_ref": {
    "close": 2135.77,
    "vwap_15m": 2205.357010832588
  },
  "range": {
    "cvd": {
      "enabled": true,
      "lookback_bars": 192,
      "state": {
        "bars_used": 192,
        "bear_divergence": false,
        "bear_divergence_near_top": false,
        "bos_down": false,
        "bos_down_near_top": false,
        "bos_up": false,
        "bos_up_near_bottom": false,
        "bull_divergence": true,
        "bull_divergence_near_bottom": true,
        "cvd": -941116.5124999998,
        "cvd_delta": -15831.7445,
        "cvd_pivot_high_last": -922983.5008999998,
        "cvd_pivot_high_prev": -1027735.7237999998,
        "cvd_pivot_low_last": -962996.3651999998,
        "cvd_pivot_low_prev": -1064246.8509999998,
        "enabled": true,
        "freeze_active": false,
        "freeze_bars_left": 0,
        "gate_ok": true,
        "lookback_bars": 192,
        "near_bottom": true,
        "near_top": false,
        "price_pivot_high_last": 2185.63,
        "price_pivot_high_prev": 2154.59,
        "price_pivot_low_last": 2076.68,
        "price_pivot_low_prev": 2106.0
      }
    },
    "fvg": {
      "count_bear": 21,
      "count_bull": 13,
      "count_defensive_bear": 14,
      "count_defensive_bull": 7,
      "count_session": 13,
      "count_total": 34,
      "defensive_conflict": true,
      "enabled": true,
      "fresh_defensive_pause": false,
      "gate_ok": false,
      "imfvg_avg_bear": 2267.632894736842,
      "imfvg_avg_bull": 2259.5392307692305,
      "lookback_bars": 192,
      "nearest_bearish": {
        "bars_ago": 152,
        "defensive": true,
        "filled": false,
        "gap_atr": 0.8545966409341889,
        "high": 2344.6,
        "low": 2330.5,
        "mid": 2337.55,
        "mitigated": true,
        "session_match": false
      },
      "nearest_bullish": null,
      "nearest_defensive_bearish": {
        "bars_ago": 40,
        "defensive": true,
        "filled": false,
        "gap_atr": 0.2823597533980083,
        "high": 2276.04,
        "low": 2271.6,
        "mid": 2273.8199999999997,
        "mitigated": false,
        "session_match": true
      },
      "nearest_defensive_bullish": null,
      "positioning_down_avg": 2238.2175,
      "positioning_up_avg": 2233.835,
      "session_fvg_avg": 2236.970769230769,
      "session_gate_ok": true,
      "session_inside_block": false,
      "session_new_print": false,
      "session_pause_active": false,
      "straddle_veto": false,
      "straddle_veto_steps": 0.75
    },
    "high": 2304.5230627835285,
    "lookback_bars_used": 48,
    "low": 2066.146937216471,
    "micro_vap": {
      "bins": 64,
      "bottom_void": 1.0,
      "enabled": true,
      "hvn_levels": [
        2112.704774241287,
        2123.878655127243,
        2157.4002977851105,
        2202.0958213289337,
        2239.3420909487863,
        2295.2114953785654
      ],
      "lookback_bars": 96,
      "lvn_levels": [
        2068.009250697464,
        2071.733877659449,
        2075.4585046214343,
        2079.1831315834197,
        2082.9077585454047,
        2086.63238550739
      ],
      "poc": 2239.3420909487863,
      "poc_vrvp_dist_steps": 0.07640198267020525,
      "top_void": 0.0,
      "void_slope": 1.0
    },
    "ml_overlay": {
      "breakout_risk_high": false,
      "do_predict": null,
      "enabled": true,
      "gate_ok": true,
      "ml_confidence": null,
      "p_breakout": null,
      "p_range": null,
      "quick_tp_candidate": null,
      "source": "none",
      "strict_predict": false
    },
    "multi_range_volume": {
      "bins": 64,
      "day": {
        "bars_used": 96,
        "buy_sell_imbalance": -0.01741201079562877,
        "buy_sell_ratio": 0.9657719574550484,
        "buy_volume": 686785.1178,
        "lookback_bars": 96,
        "near_poc": false,
        "poc": 2295.81828125,
        "poc_dist_steps": 8.05692839595936,
        "sell_volume": 711125.5535000003,
        "va_overlap_frac": 1.0,
        "vah": 2302.0793750000003,
        "val": 2147.6390625
      },
      "day_poc_step_move": 0.0,
      "drift_anchor_cur": 29.82019531250012,
      "drift_anchor_prev": 29.82019531250012,
      "drift_delta_steps": 0.0,
      "drift_guard_triggered": false,
      "enabled": true,
      "month": {
        "bars_used": 974,
        "buy_sell_imbalance": -0.10833531784944901,
        "buy_sell_ratio": 0.8045080471501048,
        "buy_volume": 3872976.849299999,
        "lookback_bars": 2880,
        "near_poc": false,
        "poc": 2341.6682812500003,
        "poc_dist_steps": 10.365045447074147,
        "sell_volume": 4814093.361799997,
        "va_overlap_frac": 0.3499280324382928,
        "vah": 2727.7940625,
        "val": 2076.68
      },
      "near_any_poc": false,
      "near_poc_steps": 1.0,
      "overlap_count": 3,
      "overlap_ok": true,
      "pause_entries": false,
      "required_overlap_count": 2,
      "va_overlap_min_frac": 0.1,
      "value_area_pct": 0.7,
      "week": {
        "bars_used": 672,
        "buy_sell_imbalance": -0.13731087810525566,
        "buy_sell_ratio": 0.7585341338965935,
        "buy_volume": 3093039.8901000004,
        "lookback_bars": 672,
        "near_poc": false,
        "poc": 2309.608671875,
        "poc_dist_steps": 8.751145097008335,
        "sell_volume": 4077654.191000001,
        "va_overlap_frac": 0.5527992431636858,
        "vah": 2452.37140625,