{
  "feature_quantiles": {
    "intraday_range": {
      "adx_4h": {
        "q10": 16.96249946753931,
        "q25": 21.650811371540506,
        "q50": 30.20225155624728,
        "q75": 37.39918579307761,
        "q90": 52.50971971552956
      },
      "bb_width_1h_pct": {
        "q10": 19.56349206349207,
        "q25": 32.83730158730159,
        "q50": 64.28571428571429,
        "q75": 82.53968253968253,
        "q90": 94.44444444444444
      },
      "bbwp_15m_pct": {
        "q10": 15.5952380952381,
        "q25": 40.07936507936508,
        "q50": 63.49206349206349,
        "q75": 79.06746031746032,
        "q90": 92.85714285714286
      },
      "bbwp_1h_pct": {
        "q10": 19.56349206349207,
        "q25": 32.83730158730159,
        "q50": 64.28571428571429,
        "q75": 82.53968253968253,
        "q90": 94.44444444444444
      },
      "bbwp_4h_pct": {
        "q10": 14.000000000000002,
        "q25": 36.26373626373626,
        "q50": 66.66666666666666,
        "q75": 92.66055045871559,
        "q90": 100.0
      },
      "ema_dist_frac_1h": {
        "q10": 0.0009503546094010258,
        "q25": 0.003820530291325726,
        "q50": 0.00983412642905668,
        "q75": 0.014086247756511601,
        "q90": 0.021242869836580153
      },
      "rvol_15m": {
        "q10": 0.34821974935518346,
        "q25": 0.49662122786092217,
        "q50": 0.7511132607337727,
        "q75": 1.1884536693770986,
        "q90": 1.9209192943151476
      },
      "vol_ratio_1h": {
        "q10": 0.36036562734963684,
        "q25": 0.49046385288817806,
        "q50": 0.7779877154040589,
        "q75": 1.196395124335788,
        "q90": 1.9173124009150213
      }
    },
    "intraday_trend": {
      "adx_4h": {
        "q10": 17.26944648847821,
        "q25": 21.03686027401894,
        "q50": 30.315075285357977,
        "q75": 41.32150202129269,
        "q90": 56.52267718198706
      },
      "bb_width_1h_pct": {
        "q10": 26.984126984126984,
        "q25": 45.773809523809526,
        "q50": 61.904761904761905,
        "q75": 82.14285714285714,
        "q90": 94.84126984126983
      },
      "bbwp_15m_pct": {
        "q10": 23.80952380952381,
        "q25": 41.964285714285715,
        "q50": 69.84126984126983,
        "q75": 86.11111111111111,
        "q90": 94.84126984126983
      },
      "bbwp_1h_pct": {
        "q10": 26.984126984126984,
        "q25": 45.773809523809526,
        "q50": 61.904761904761905,
        "q75": 82.14285714285714,
        "q90": 94.84126984126983
      },
      "bbwp_4h_pct": {
        "q10": 12.359550561797752,
        "q25": 34.61538461538461,
        "q50": 70.0,
        "q75": 98.20611778158948,
        "q90": 100.0
      },
      "ema_dist_frac_1h": {
        "q10": 0.002138484765918182,
        "q25": 0.005214391794477078,
        "q50": 0.01013982826250331,
        "q75": 0.016312348493411233,
        "q90": 0.02705616491035319
      },
      "rvol_15m": {
        "q10": 0.34834340973052125,
        "q25": 0.4835884160285912,
        "q50": 0.6853862885074382,
        "q75": 1.3312276139630788,
        "q90": 2.20924913194157
      },
      "vol_ratio_1h": {
        "q10": 0.3839531420386135,
        "q25": 0.5494052662413543,
        "q50": 0.843843601937414,
        "q75": 1.5381676176511028,
        "q90": 2.861564726720643
      }
    },
    "swing_range": {
      "adx_4h": {
        "q10": 18.056279337173493,
        "q25": 22.1826783996582,
        "q50": 30.427899014468675,
        "q75": 37.20837392067279,
        "q90": 39.72629568031609
      },
      "bb_width_1h_pct": {
        "q10": 15.873015873015872,
        "q25": 24.731182795698924,
        "q50": 57.53968253968254,
        "q75": 77.77777777777779,
        "q90": 94.28571428571429
      },
      "bbwp_15m_pct": {
        "q10": 6.746031746031746,
        "q25": 22.817460317460316,
        "q50": 51.98412698412699,
        "q75": 74.20634920634922,
        "q90": 92.46031746031747
      },
      "bbwp_1h_pct": {
        "q10": 15.873015873015872,
        "q25": 24.731182795698924,
        "q50": 57.53968253968254,
        "q75": 77.77777777777779,
        "q90": 94.28571428571429
      },
      "bbwp_4h_pct": {
        "q10": 8.51063829787234,
        "q25": 26.31578947368421,
        "q50": 65.33333333333333,
        "q75": 92.85714285714286,
        "q90": 100.0
      },
      "ema_dist_frac_1h": {
        "q10": 0.001474957531530756,
        "q25": 0.003859420641388461,
        "q50": 0.009590105987973625,
        "q75": 0.014216298203026865,
        "q90": 0.019845686387388047
      },
      "rvol_15m": {
        "q10": 0.3446399118369405,
        "q25": 0.4952071914663868,
        "q50": 0.734607764586358,
        "q75": 1.1892229592166281,
        "q90": 2.097623760097155
      },
      "vol_ratio_1h": {
        "q10": 0.35363428872742464,
        "q25": 0.4814428207011285,
        "q50": 0.7249468174142824,
        "q75": 1.271213600319924,
        "q90": 2.071909206632678
      }
    },
    "swing_trend": {
      "adx_4h": {
        "q10": 14.588558478861309,
        "q25": 18.4028452115434,
        "q50": 22.627184286070772,
        "q75": 32.486156459252335,
        "q90": 52.09229544996393
      },
      "bb_width_1h_pct": {
        "q10": 19.047619047619047,
        "q25": 34.523809523809526,
        "q50": 57.34126984126985,
        "q75": 78.1021897810219,
        "q90": 92.85714285714286
      },
      "bbwp_15m_pct": {
        "q10": 17.857142857142858,
        "q25": 40.07936507936508,
        "q50": 66.26984126984127,
        "q75": 82.44047619047618,
        "q90": 92.85714285714286
      },
      "bbwp_1h_pct": {
        "q10": 19.047619047619047,
        "q25": 34.523809523809526,
        "q50": 57.34126984126985,
        "q75": 78.1021897810219,
        "q90": 92.85714285714286
      },
      "bbwp_4h_pct": {
        "q10": 12.727272727272727,
        "q25": 32.758620689655174,
        "q50": 54.74452554744526,
        "q75": 76.47058823529412,
        "q90": 91.81818181818183
      },
      "ema_dist_frac_1h": {
        "q10": 0.0009148760584849873,
        "q25": 0.0024852068368456633,
        "q50": 0.005214391794477078,
        "q75": 0.011551541327437012,
        "q90": 0.014104563465543564
      },
      "rvol_15m": {
        "q10": 0.3777479410264195,
        "q25": 0.5084813587846561,
        "q50": 0.763451062005347,
        "q75": 1.230589802703608,
        "q90": 2.0234201775422314
      },
      "vol_ratio_1h": {
        "q10": 0.35012508820289817,
        "q25": 0.5133325631619435,
        "q50": 0.8224683259450988,
        "q75": 1.305926453830293,
        "q90": 2.3559898961491252
      }
    }
  },
  "label_config": {
    "intraday": {
      "horizon_bars": 16,
      "range_eff_max": 0.4,
      "range_ret_max": 0.008,
      "range_span_max": 0.045,
      "range_span_min": 0.006,
      "trend_eff_min": 0.6,
      "trend_ret_min": 0.015
    },
    "swing": {
      "horizon_bars": 96,
      "range_eff_max": 0.45,
      "range_ret_max": 0.015,
      "range_span_max": 0.08,
      "range_span_min": 0.01,
      "trend_eff_min": 0.65,
      "trend_ret_min": 0.03
    }
  },
  "labels": {
    "intraday": {
      "range_label": 1004,
      "rows_total": 2656,
      "trend_label": 296
    },
    "swing": {
      "range_label": 995,
      "rows_total": 2656,
      "trend_label": 586
    }
  },
  "meta": {
    "data_dir": "/freqtrade/user_data/data/binance",
    "end_utc": "2026-02-01 23:45:00+00:00",
    "pair": "ETH/USDT",
    "rows_raw": 3072,
    "rows_valid_features": 2656,
    "source_path": "/freqtrade/user_data/data/binance/ETH_USDT-15m.feather",
    "start_utc": "2026-01-01 00:00:00+00:00",
    "timeframe": "15m",
    "timerange": "20260101-20260202"
  },
  "recommended_thresholds": {
    "intraday": {
      "adx_enter_max": 37.3992,
      "adx_exit_max": 52.5097,
      "bbw_1h_pct_max": 85.7143,
      "bbwp_l_max": 92.6606,
      "bbwp_m_max": 82.5397,
      "bbwp_s_max": 79.0675,
      "ema_dist_max_frac": 0.014086,