{
  "feature_quantiles": {
    "intraday_range": {
      "adx_4h": {
        "q10": 32.609497032642494,
        "q25": 35.7971333655733,
        "q50": 48.79497742438911,
        "q75": 64.91762870549698,
        "q90": 67.76823383810644
      },
      "bb_width_1h_pct": {
        "q10": 35.32934131736527,
        "q25": 46.616541353383454,
        "q50": 81.0126582278481,
        "q75": 94.0677966101695,
        "q90": 98.02631578947368
      },
      "bbwp_15m_pct": {
        "q10": 17.063492063492063,
        "q25": 35.317460317460316,
        "q50": 61.50793650793651,
        "q75": 81.74603174603175,
        "q90": 93.25396825396825
      },
      "bbwp_1h_pct": {
        "q10": 35.32934131736527,
        "q25": 46.616541353383454,
        "q50": 81.0126582278481,
        "q75": 94.0677966101695,
        "q90": 98.02631578947368
      },
      "bbwp_4h_pct": {
        "q10": 16.666666666666664,
        "q25": 75.0,
        "q50": 86.48648648648648,
        "q75": 93.33333333333333,
        "q90": 100.0
      },
      "ema_dist_frac_1h": {
        "q10": 0.0024153286382756827,
        "q25": 0.00633239414217174,
        "q50": 0.011620721527396504,
        "q75": 0.02289828892506647,
        "q90": 0.040732479970657764
      },
      "rvol_15m": {
        "q10": 0.36127350574212835,
        "q25": 0.5120117524954371,
        "q50": 0.7788394421581288,
        "q75": 1.1297632190301756,
        "q90": 1.7565313156772329
      },
      "vol_ratio_1h": {
        "q10": 0.3393552066416143,
        "q25": 0.4586760483364785,
        "q50": 0.7290471160331317,
        "q75": 1.1253418550170253,
        "q90": 1.771464849845829
      }
    },
    "intraday_trend": {
      "adx_4h": {
        "q10": 31.5271519211247,
        "q25": 32.72512708521834,
        "q50": 37.3356403592166,
        "q75": 54.23548410272288,
        "q90": 64.17022007806041
      },
      "bb_width_1h_pct": {
        "q10": 20.863309352517987,
        "q25": 42.857142857142854,
        "q50": 70.83333333333334,
        "q75": 79.76190476190477,
        "q90": 89.3048128342246
      },
      "bbwp_15m_pct": {
        "q10": 9.087301587301587,
        "q25": 25.496031746031747,
        "q50": 49.2063492063492,
        "q75": 74.50396825396825,
        "q90": 86.94444444444444
      },
      "bbwp_1h_pct": {
        "q10": 20.863309352517987,
        "q25": 42.857142857142854,
        "q50": 70.83333333333334,
        "q75": 79.76190476190477,
        "q90": 89.3048128342246
      },
      "bbwp_4h_pct": {
        "q10": 66.66666666666666,
        "q25": 73.68421052631578,
        "q50": 85.71428571428571,
        "q75": 96.7741935483871,
        "q90": 100.0
      },
      "ema_dist_frac_1h": {
        "q10": 0.0007802961798452771,
        "q25": 0.0027602386376063353,
        "q50": 0.010213219871211423,
        "q75": 0.017171991194308966,
        "q90": 0.042354369153765316
      },
      "rvol_15m": {
        "q10": 0.45175473523174825,
        "q25": 0.6315958778438535,
        "q50": 0.9188649546822537,
        "q75": 1.4500452548912408,
        "q90": 2.3804741317595366
      },
      "vol_ratio_1h": {
        "q10": 0.4802134765251088,
        "q25": 0.725673126840023,
        "q50": 1.11309977640492,
        "q75": 1.6107857128436522,
        "q90": 3.1505479723884866
      }
    },
    "swing_range": {
      "adx_4h": {
        "q10": 33.03608703597851,
        "q25": 44.451867596681666,
        "q50": 47.192252532285,
        "q75": 52.15550995569135,
        "q90": 74.58289733372355
      },
      "bb_width_1h_pct": {
        "q10": 83.33333333333334,
        "q25": 89.3048128342246,
        "q50": 93.13304721030042,
        "q75": 98.02631578947368,
        "q90": 100.0
      },
      "bbwp_15m_pct": {
        "q10": 35.317460317460316,
        "q25": 57.73809523809524,
        "q50": 70.23809523809523,
        "q75": 86.11111111111111,
        "q90": 94.68253968253968
      },
      "bbwp_1h_pct": {
        "q10": 83.33333333333334,
        "q25": 89.3048128342246,
        "q50": 93.13304721030042,
        "q75": 98.02631578947368,
        "q90": 100.0
      },
      "bbwp_4h_pct": {
        "q10": 12.5,
        "q25": 84.61538461538461,
        "q50": 91.66666666666666,
        "q75": 100.0,
        "q90": 100.0
      },
      "ema_dist_frac_1h": {
        "q10": 0.003907705588745076,
        "q25": 0.005663857503516903,
        "q50": 0.01302283262700541,
        "q75": 0.03208536391596547,
        "q90": 0.03903392810794852
      },
      "rvol_15m": {
        "q10": 0.35599689906155,
        "q25": 0.48319860392941383,
        "q50": 0.6944004549140873,
        "q75": 0.9951509958792676,
        "q90": 1.6527997491638204
      },
      "vol_ratio_1h": {
        "q10": 0.30863654252618283,
        "q25": 0.4084126040760298,
        "q50": 0.5818501504393326,
        "q75": 1.1074875678837885,
        "q90": 2.055636647071469
      }
    },
    "swing_trend": {
      "adx_4h": {
        "q10": 33.99215475129492,
        "q25": 53.136986964981226,
        "q50": 55.21113299935174,
        "q75": 66.00830603283151,
        "q90": 69.68347200090169
      },
      "bb_width_1h_pct": {
        "q10": 35.32934131736527,
        "q25": 45.209668025626094,
        "q50": 70.23809523809523,
        "q75": 76.41025641025641,
        "q90": 89.68253968253968
      },
      "bbwp_15m_pct": {
        "q10": 12.42063492063492,
        "q25": 27.380952380952383,
        "q50": 47.420634920634924,
        "q75": 73.80952380952381,
        "q90": 84.12698412698413
      },
      "bbwp_1h_pct": {
        "q10": 35.32934131736527,
        "q25": 45.209668025626094,
        "q50": 70.23809523809523,
        "q75": 76.41025641025641,
        "q90": 89.68253968253968
      },
      "bbwp_4h_pct": {
        "q10": 10.0,
        "q25": 28.974358974358974,
        "q50": 89.47368421052632,
        "q75": 97.14285714285714,
        "q90": 100.0
      },
      "ema_dist_frac_1h": {
        "q10": 0.007893767094207743,
        "q25": 0.010546700132482408,
        "q50": 0.012731401423993823,
        "q75": 0.043792228090229514,
        "q90": 0.04593575894160733
      },
      "rvol_15m": {
        "q10": 0.3776943508665077,
        "q25": 0.5239482250154621,
        "q50": 0.8355642322611696,
        "q75": 1.3522670970251407,
        "q90": 2.156791590035978
      },
      "vol_ratio_1h": {
        "q10": 0.34010134239886025,
        "q25": 0.4544864940132779,
        "q50": 0.752646645912607,
        "q75": 1.1253418550170253,
        "q90": 1.6542009127740442
      }
    }
  },
  "label_config": {
    "intraday": {
      "horizon_bars": 16,
      "range_eff_max": 0.4,
      "range_ret_max": 0.008,
      "range_span_max": 0.045,
      "range_span_min": 0.006,
      "trend_eff_min": 0.6,
      "trend_ret_min": 0.015
    },
    "swing": {
      "horizon_bars": 96,
      "range_eff_max": 0.45,
      "range_ret_max": 0.015,
      "range_span_max": 0.08,
      "range_span_min": 0.01,
      "trend_eff_min": 0.65,
      "trend_ret_min": 0.03
    }
  },
  "labels": {
    "intraday": {
      "range_label": 381,
      "rows_total": 928,
      "trend_label": 190
    },
    "swing": {
      "range_label": 183,
      "rows_total": 928,
      "trend_label": 214
    }
  },
  "meta": {
    "data_dir": "/freqtrade/user_data/data/binance",
    "end_utc": "2025-10-14 23:45:00+00:00",
    "pair": "ETH/USDT",
    "rows_raw": 1344,
    "rows_valid_features": 928,
    "source_path": "/freqtrade/user_data/data/binance/ETH_USDT-15m.feather",
    "start_utc": "2025-10-01 00:00:00+00:00",
    "timeframe": "15m",
    "timerange": "20251001-20251015"
  },
  "recommended_thresholds": {
    "intraday": {
      "adx_enter_max": 64.9176,
      "adx_exit_max": 67.9176,
      "bbw_1h_pct_max": 94.4444,
      "bbwp_l_max": 93.3333,
      "bbwp_m_max": 94.0678,
      "bbwp_s_max": 81.746,
      "ema_dist_max_frac": 0.022898,
      "os_dev_persist_bars": 24,
      "os_dev_rvol_max": 1.2955,