{
  "feature_quantiles": {
    "intraday_range": {
      "adx_4h": {
        "q10": 15.145008917969434,
        "q25": 18.95469316460968,
        "q50": 24.759073040809284,
        "q75": 33.6888036414962,
        "q90": 43.66196147419578
      },
      "bb_width_1h_pct": {
        "q10": 8.73015873015873,
        "q25": 23.809523809523807,
        "q50": 49.2063492063492,
        "q75": 74.60317460317461,
        "q90": 90.07936507936508
      },
      "bbwp_15m_pct": {
        "q10": 7.5396825396825395,
        "q25": 22.22222222222222,
        "q50": 48.80952380952381,
        "q75": 75.39682539682539,
        "q90": 91.26984126984127
      },
      "bbwp_1h_pct": {
        "q10": 8.73015873015873,
        "q25": 23.809523809523807,
        "q50": 49.2063492063492,
        "q75": 74.60317460317461,
        "q90": 90.07936507936508
      },
      "bbwp_4h_pct": {
        "q10": 8.73015873015873,
        "q25": 23.015873015873016,
        "q50": 48.01587301587302,
        "q75": 73.4126984126984,
        "q90": 88.88888888888889
      },
      "ema_dist_frac_1h": {
        "q10": 0.0014513955160412248,
        "q25": 0.003654209739195298,
        "q50": 0.008557210969376805,
        "q75": 0.016309626589070182,
        "q90": 0.02507103065065364
      },
      "rvol_15m": {
        "q10": 0.4167670420663838,
        "q25": 0.5669198694625298,
        "q50": 0.7996164492239044,
        "q75": 1.176811170171334,
        "q90": 1.7911518947719607
      },
      "vol_ratio_1h": {
        "q10": 0.4326829556665391,
        "q25": 0.571296664855199,
        "q50": 0.7984295440920937,
        "q75": 1.18193292389931,
        "q90": 1.7746305323505072
      }
    },
    "intraday_trend": {
      "adx_4h": {
        "q10": 15.710772547475935,
        "q25": 19.79170119238246,
        "q50": 26.934152117653078,
        "q75": 36.48967308353676,
        "q90": 46.62649190146973
      },
      "bb_width_1h_pct": {
        "q10": 9.523809523809524,
        "q25": 25.396825396825395,
        "q50": 51.587301587301596,
        "q75": 76.98412698412699,
        "q90": 91.66666666666666
      },
      "bbwp_15m_pct": {
        "q10": 9.126984126984127,
        "q25": 25.396825396825395,
        "q50": 52.77777777777778,
        "q75": 78.17460317460318,
        "q90": 92.46031746031747
      },
      "bbwp_1h_pct": {
        "q10": 9.523809523809524,
        "q25": 25.396825396825395,
        "q50": 51.587301587301596,
        "q75": 76.98412698412699,
        "q90": 91.66666666666666
      },
      "bbwp_4h_pct": {
        "q10": 10.714285714285714,
        "q25": 27.77777777777778,
        "q50": 53.96825396825397,
        "q75": 79.36507936507937,
        "q90": 94.04761904761905
      },
      "ema_dist_frac_1h": {
        "q10": 0.0019254009306073844,
        "q25": 0.004806549047123058,
        "q50": 0.011297386084766258,
        "q75": 0.02186795401909302,
        "q90": 0.03355938835470619
      },
      "rvol_15m": {
        "q10": 0.45149309214770245,
        "q25": 0.607654425598468,
        "q50": 0.8568142805222285,
        "q75": 1.2716079532232984,
        "q90": 1.9699753447842856
      },
      "vol_ratio_1h": {
        "q10": 0.4752639162425639,
        "q25": 0.6360156364851957,
        "q50": 0.8945531760176066,
        "q75": 1.3545704821394764,
        "q90": 2.1139156423695646
      }
    },
    "swing_range": {
      "adx_4h": {
        "q10": 14.984227972024685,
        "q25": 18.743569441272026,
        "q50": 24.203498442198846,
        "q75": 33.133352059599375,
        "q90": 42.30284682687701
      },
      "bb_width_1h_pct": {
        "q10": 7.142857142857142,
        "q25": 21.428571428571427,
        "q50": 46.82539682539682,
        "q75": 72.22222222222221,
        "q90": 88.88888888888889
      },
      "bbwp_15m_pct": {
        "q10": 6.746031746031746,
        "q25": 20.238095238095237,
        "q50": 46.42857142857143,
        "q75": 73.01587301587301,
        "q90": 90.07936507936508
      },
      "bbwp_1h_pct": {
        "q10": 7.142857142857142,
        "q25": 21.428571428571427,
        "q50": 46.82539682539682,
        "q75": 72.22222222222221,
        "q90": 88.88888888888889
      },
      "bbwp_4h_pct": {
        "q10": 8.73015873015873,
        "q25": 23.41269841269841,
        "q50": 48.01587301587302,
        "q75": 71.82539682539682,
        "q90": 88.09523809523809
      },
      "ema_dist_frac_1h": {
        "q10": 0.001238434864219025,
        "q25": 0.003116464909649556,
        "q50": 0.007657438996826399,
        "q75": 0.015072302460319547,
        "q90": 0.022950064971786963
      },
      "rvol_15m": {
        "q10": 0.4160045363723185,
        "q25": 0.5662943522785899,
        "q50": 0.7996881647603339,
        "q75": 1.185966130381353,
        "q90": 1.8055316102487666
      },
      "vol_ratio_1h": {
        "q10": 0.4134582000622913,
        "q25": 0.5519465717623777,
        "q50": 0.7771660131452238,
        "q75": 1.169115346034617,
        "q90": 1.803396946072393
      }
    },
    "swing_trend": {
      "adx_4h": {
        "q10": 15.192339322123015,
        "q25": 18.734548184978216,
        "q50": 24.967202057042318,
        "q75": 34.100787956494166,
        "q90": 45.188074362252934
      },
      "bb_width_1h_pct": {
        "q10": 8.333333333333332,
        "q25": 23.015873015873016,
        "q50": 47.61904761904761,
        "q75": 75.39682539682539,
        "q90": 90.47619047619048
      },
      "bbwp_15m_pct": {
        "q10": 7.936507936507936,
        "q25": 23.015873015873016,
        "q50": 50.39682539682539,
        "q75": 76.5873015873016,
        "q90": 92.06349206349206
      },
      "bbwp_1h_pct": {
        "q10": 8.333333333333332,
        "q25": 23.015873015873016,
        "q50": 47.61904761904761,
        "q75": 75.39682539682539,
        "q90": 90.47619047619048
      },
      "bbwp_4h_pct": {
        "q10": 7.142857142857142,
        "q25": 19.444444444444446,
        "q50": 44.44444444444444,
        "q75": 72.61904761904762,
        "q90": 89.68253968253968
      },
      "ema_dist_frac_1h": {
        "q10": 0.0016101860263235978,
        "q25": 0.0038776434207283385,
        "q50": 0.008737530373170828,
        "q75": 0.0171564410747449,
        "q90": 0.028078995797765283
      },
      "rvol_15m": {
        "q10": 0.4309056954123731,
        "q25": 0.5832258652018165,
        "q50": 0.8245135118562068,
        "q75": 1.2126572661977004,
        "q90": 1.8528676478084276
      },
      "vol_ratio_1h": {
        "q10": 0.4573018174702326,
        "q25": 0.5993600115905643,
        "q50": 0.8402623070169054,
        "q75": 1.233147952405317,
        "q90": 1.8918939076858377
      }
    }
  },
  "label_config": {
    "intraday": {
      "horizon_bars": 16,
      "range_eff_max": 0.4,
      "range_ret_max": 0.008,
      "range_span_max": 0.045,
      "range_span_min": 0.006,
      "trend_eff_min": 0.6,
      "trend_ret_min": 0.015
    },
    "swing": {
      "horizon_bars": 96,
      "range_eff_max": 0.45,
      "range_ret_max": 0.015,
      "range_span_max": 0.08,
      "range_span_min": 0.01,
      "trend_eff_min": 0.65,
      "trend_ret_min": 0.03
    }
  },
  "labels": {
    "intraday": {
      "range_label": 84065,
      "rows_total": 213991,
      "trend_label": 33641
    },
    "swing": {
      "range_label": 76999,
      "rows_total": 213991,
      "trend_label": 40681
    }
  },
  "meta": {
    "data_dir": "/freqtrade/user_data/data/binance",
    "end_utc": "2026-02-12 23:45:00+00:00",
    "pair": "ETH/USDT",
    "rows_raw": 214407,
    "rows_valid_features": 213991,
    "source_path": "/freqtrade/user_data/data/binance/ETH_USDT-15m.feather",
    "start_utc": "2020-01-01 00:00:00+00:00",
    "timeframe": "15m",
    "timerange": "20200101-20260213"
  },
  "recommended_thresholds": {
    "intraday": {
      "adx_enter_max": 33.6888,
      "adx_exit_max": 43.662,
      "bbw_1h_pct_max": 79.7619,
      "bbwp_l_max": 73.4127,
      "bbwp_m_max": 74.6032,