{
  "feature_quantiles": {
    "intraday_range": {
      "adx_4h": {
        "q10": 15.059998051028384,
        "q25": 18.89393242794221,
        "q50": 24.682421040023147,
        "q75": 33.6991757934791,
        "q90": 43.69194236880551
      },
      "bb_width_1h_pct": {
        "q10": 8.73015873015873,
        "q25": 23.809523809523807,
        "q50": 48.80952380952381,
        "q75": 74.60317460317461,
        "q90": 90.07936507936508
      },
      "bbwp_15m_pct": {
        "q10": 7.5396825396825395,
        "q25": 22.22222222222222,
        "q50": 48.80952380952381,
        "q75": 75.39682539682539,
        "q90": 91.26984126984127
      },
      "bbwp_1h_pct": {
        "q10": 8.73015873015873,
        "q25": 23.809523809523807,
        "q50": 48.80952380952381,
        "q75": 74.60317460317461,
        "q90": 90.07936507936508
      },
      "bbwp_4h_pct": {
        "q10": 8.73015873015873,
        "q25": 23.015873015873016,
        "q50": 48.01587301587302,
        "q75": 73.01587301587301,
        "q90": 88.88888888888889
      },
      "ema_dist_frac_1h": {
        "q10": 0.001437022743842148,
        "q25": 0.0036431931367477363,
        "q50": 0.008519540603424065,
        "q75": 0.016275431015183806,
        "q90": 0.025157462608271654
      },
      "rvol_15m": {
        "q10": 0.42007296979028813,
        "q25": 0.5701021568933611,
        "q50": 0.8013333392199435,
        "q75": 1.1773087694039464,
        "q90": 1.7861235086753449
      },
      "vol_ratio_1h": {
        "q10": 0.4383201176250365,
        "q25": 0.5758872913352728,
        "q50": 0.8015763978116219,
        "q75": 1.1818421893874658,
        "q90": 1.7679597799171929
      }
    },
    "intraday_trend": {
      "adx_4h": {
        "q10": 15.655226085982598,
        "q25": 19.73384713432708,
        "q50": 26.793988390373247,
        "q75": 36.478341490431674,
        "q90": 46.54521084113022
      },
      "bb_width_1h_pct": {
        "q10": 9.523809523809524,
        "q25": 25.396825396825395,
        "q50": 51.19047619047619,
        "q75": 76.98412698412699,
        "q90": 91.66666666666666
      },
      "bbwp_15m_pct": {
        "q10": 8.73015873015873,
        "q25": 25.0,
        "q50": 52.38095238095239,
        "q75": 78.17460317460318,
        "q90": 92.46031746031747
      },
      "bbwp_1h_pct": {
        "q10": 9.523809523809524,
        "q25": 25.396825396825395,
        "q50": 51.19047619047619,
        "q75": 76.98412698412699,
        "q90": 91.66666666666666
      },
      "bbwp_4h_pct": {
        "q10": 10.714285714285714,
        "q25": 27.380952380952383,
        "q50": 53.57142857142857,
        "q75": 79.36507936507937,
        "q90": 94.04761904761905
      },
      "ema_dist_frac_1h": {
        "q10": 0.0019246834516551765,
        "q25": 0.0047922531801200775,
        "q50": 0.011260417170987755,
        "q75": 0.021895199767838904,
        "q90": 0.03345144457269951
      },
      "rvol_15m": {
        "q10": 0.45420056539772413,
        "q25": 0.6098596441015754,
        "q50": 0.8560647987472807,
        "q75": 1.2661988348476378,
        "q90": 1.9464203329056804
      },
      "vol_ratio_1h": {
        "q10": 0.47796745973755883,
        "q25": 0.6373784736616126,
        "q50": 0.8930228420421086,
        "q75": 1.3396766963953561,
        "q90": 2.093363050981708
      }
    },
    "swing_range": {
      "adx_4h": {
        "q10": 14.902103455061736,
        "q25": 18.701529194580758,
        "q50": 24.15008191730492,
        "q75": 33.18681389171111,
        "q90": 42.41731978434097
      },
      "bb_width_1h_pct": {
        "q10": 7.142857142857142,
        "q25": 21.428571428571427,
        "q50": 46.42857142857143,
        "q75": 71.82539682539682,
        "q90": 88.4920634920635
      },
      "bbwp_15m_pct": {
        "q10": 6.746031746031746,
        "q25": 20.634920634920633,
        "q50": 46.03174603174603,
        "q75": 73.01587301587301,
        "q90": 90.07936507936508
      },
      "bbwp_1h_pct": {
        "q10": 7.142857142857142,
        "q25": 21.428571428571427,
        "q50": 46.42857142857143,
        "q75": 71.82539682539682,
        "q90": 88.4920634920635
      },
      "bbwp_4h_pct": {
        "q10": 9.126984126984127,
        "q25": 23.809523809523807,
        "q50": 48.01587301587302,
        "q75": 71.82539682539682,
        "q90": 87.6984126984127
      },
      "ema_dist_frac_1h": {
        "q10": 0.0012372519298522466,
        "q25": 0.0031355239344825997,
        "q50": 0.007622077638678573,
        "q75": 0.015120984446004678,
        "q90": 0.02305943578878558
      },
      "rvol_15m": {
        "q10": 0.41967365720830835,
        "q25": 0.56949054367916,
        "q50": 0.8016033671311651,
        "q75": 1.1858806785247167,
        "q90": 1.7985764688017585
      },
      "vol_ratio_1h": {
        "q10": 0.41948508491913294,
        "q25": 0.5555801096023913,
        "q50": 0.7797565577505354,
        "q75": 1.166732316661224,
        "q90": 1.7919310466471794
      }
    },
    "swing_trend": {
      "adx_4h": {
        "q10": 15.132589992768857,
        "q25": 18.610286811693946,
        "q50": 24.86664733414513,
        "q75": 34.2186886728622,
        "q90": 44.903624905405174
      },
      "bb_width_1h_pct": {
        "q10": 7.936507936507936,
        "q25": 22.61904761904762,
        "q50": 47.61904761904761,
        "q75": 75.39682539682539,
        "q90": 90.47619047619048
      },
      "bbwp_15m_pct": {
        "q10": 7.936507936507936,
        "q25": 22.61904761904762,
        "q50": 50.0,
        "q75": 76.19047619047619,
        "q90": 92.06349206349206
      },
      "bbwp_1h_pct": {
        "q10": 7.936507936507936,
        "q25": 22.61904761904762,
        "q50": 47.61904761904761,
        "q75": 75.39682539682539,
        "q90": 90.47619047619048
      },
      "bbwp_4h_pct": {
        "q10": 7.142857142857142,
        "q25": 19.444444444444446,
        "q50": 44.44444444444444,
        "q75": 72.22222222222221,
        "q90": 89.68253968253968
      },
      "ema_dist_frac_1h": {
        "q10": 0.00159981021574693,
        "q25": 0.0038405208418931806,
        "q50": 0.00879356668931364,
        "q75": 0.017296844027063808,
        "q90": 0.028011075023983
      },
      "rvol_15m": {
        "q10": 0.4337253595460116,
        "q25": 0.5861292143049904,
        "q50": 0.8262593242917063,
        "q75": 1.2114615290891806,
        "q90": 1.8430793168487851
      },
      "vol_ratio_1h": {
        "q10": 0.4608094853158414,
        "q25": 0.604262070916254,
        "q50": 0.8426903677788624,
        "q75": 1.2309153448384387,
        "q90": 1.8794619881510755
      }
    }
  },
  "label_config": {
    "intraday": {
      "horizon_bars": 16,
      "range_eff_max": 0.4,
      "range_ret_max": 0.008,
      "range_span_max": 0.045,
      "range_span_min": 0.006,
      "trend_eff_min": 0.6,
      "trend_ret_min": 0.015
    },
    "swing": {
      "horizon_bars": 96,
      "range_eff_max": 0.45,
      "range_ret_max": 0.015,
      "range_span_max": 0.08,
      "range_span_min": 0.01,
      "trend_eff_min": 0.65,
      "trend_ret_min": 0.03
    }
  },
  "labels": {
    "intraday": {
      "range_label": 80186,
      "rows_total": 204007,
      "trend_label": 32188
    },
    "swing": {
      "range_label": 72997,
      "rows_total": 204007,
      "trend_label": 38833
    }
  },
  "meta": {
    "data_dir": "/freqtrade/user_data/data/binance",
    "end_utc": "2025-10-31 23:45:00+00:00",
    "pair": "ETH/USDT",
    "rows_raw": 204423,
    "rows_valid_features": 204007,
    "source_path": "/freqtrade/user_data/data/binance/ETH_USDT-15m.feather",
    "start_utc": "2020-01-01 00:00:00+00:00",
    "timeframe": "15m",
    "timerange": "20200101-20251101"
  },
  "recommended_thresholds": {
    "intraday": {
      "adx_enter_max": 33.6992,
      "adx_exit_max": 43.6919,
      "bbw_1h_pct_max": 79.7619,
      "bbwp_l_max": 73.0159,
      "bbwp_m_max": 74.6032,
      "bbwp_s_max": 75.3968,