{
  "feature_quantiles": {
    "intraday_range": {
      "adx_4h": {
        "q10": 15.132348181505733,
        "q25": 18.95165939730129,
        "q50": 24.751787176914064,
        "q75": 33.67236696311313,
        "q90": 43.66196147419578
      },
      "bb_width_1h_pct": {
        "q10": 8.73015873015873,
        "q25": 23.809523809523807,
        "q50": 49.2063492063492,
        "q75": 74.60317460317461,
        "q90": 90.07936507936508
      },
      "bbwp_15m_pct": {
        "q10": 7.5396825396825395,
        "q25": 22.22222222222222,
        "q50": 48.80952380952381,
        "q75": 75.39682539682539,
        "q90": 91.26984126984127
      },
      "bbwp_1h_pct": {
        "q10": 8.73015873015873,
        "q25": 23.809523809523807,
        "q50": 49.2063492063492,
        "q75": 74.60317460317461,
        "q90": 90.07936507936508
      },
      "bbwp_4h_pct": {
        "q10": 8.73015873015873,
        "q25": 23.015873015873016,
        "q50": 48.031496062992126,
        "q75": 73.01587301587301,
        "q90": 88.88888888888889
      },
      "ema_dist_frac_1h": {
        "q10": 0.0014516440769991375,
        "q25": 0.0036550530049006672,
        "q50": 0.008563810652644006,
        "q75": 0.016310661228182262,
        "q90": 0.02506455320364078
      },
      "rvol_15m": {
        "q10": 0.4167056919716138,
        "q25": 0.5668731543613558,
        "q50": 0.7996023231694509,
        "q75": 1.1768327356494566,
        "q90": 1.791165451912647
      },
      "vol_ratio_1h": {
        "q10": 0.4326731723176853,
        "q25": 0.5713094068440018,
        "q50": 0.7983527135777823,
        "q75": 1.1818864996776282,
        "q90": 1.7746250601395888
      }
    },
    "intraday_trend": {
      "adx_4h": {
        "q10": 15.66372412399843,
        "q25": 19.783955935724485,
        "q50": 26.912663295407278,
        "q75": 36.48944831442216,
        "q90": 46.62649190146973
      },
      "bb_width_1h_pct": {
        "q10": 9.523809523809524,
        "q25": 25.396825396825395,
        "q50": 51.587301587301596,
        "q75": 76.98412698412699,
        "q90": 91.66666666666666
      },
      "bbwp_15m_pct": {
        "q10": 9.126984126984127,
        "q25": 25.396825396825395,
        "q50": 52.77777777777778,
        "q75": 78.17460317460318,
        "q90": 92.46031746031747
      },
      "bbwp_1h_pct": {
        "q10": 9.523809523809524,
        "q25": 25.396825396825395,
        "q50": 51.587301587301596,
        "q75": 76.98412698412699,
        "q90": 91.66666666666666
      },
      "bbwp_4h_pct": {
        "q10": 10.714285714285714,
        "q25": 27.77777777777778,
        "q50": 53.96825396825397,
        "q75": 79.36507936507937,
        "q90": 94.04761904761905
      },
      "ema_dist_frac_1h": {
        "q10": 0.0019260279561506518,
        "q25": 0.0048157267959851886,
        "q50": 0.011303785693532945,
        "q75": 0.021862351888638925,
        "q90": 0.033523101951761364
      },
      "rvol_15m": {
        "q10": 0.4516675455143725,
        "q25": 0.6076834144415428,
        "q50": 0.856829322991955,
        "q75": 1.271658313861728,
        "q90": 1.9701149462288758
      },
      "vol_ratio_1h": {
        "q10": 0.4753006743431863,
        "q25": 0.6360484817128663,
        "q50": 0.8945531760176066,
        "q75": 1.3547020282152475,
        "q90": 2.1141697423161276
      }
    },
    "swing_range": {
      "adx_4h": {
        "q10": 14.98623696099117,
        "q25": 18.74088709834361,
        "q50": 24.188823193565593,
        "q75": 33.118863723062184,
        "q90": 42.30284682687701
      },
      "bb_width_1h_pct": {
        "q10": 7.142857142857142,
        "q25": 21.428571428571427,
        "q50": 46.42857142857143,
        "q75": 72.22222222222221,
        "q90": 88.88888888888889
      },
      "bbwp_15m_pct": {
        "q10": 6.746031746031746,
        "q25": 20.238095238095237,
        "q50": 46.03174603174603,
        "q75": 73.01587301587301,
        "q90": 90.07936507936508
      },
      "bbwp_1h_pct": {
        "q10": 7.142857142857142,
        "q25": 21.428571428571427,
        "q50": 46.42857142857143,
        "q75": 72.22222222222221,
        "q90": 88.88888888888889
      },
      "bbwp_4h_pct": {
        "q10": 9.090909090909092,
        "q25": 23.41269841269841,
        "q50": 48.01587301587302,
        "q75": 71.82539682539682,
        "q90": 87.6984126984127
      },
      "ema_dist_frac_1h": {
        "q10": 0.0012386651663959102,
        "q25": 0.0031184397790034253,
        "q50": 0.007666705300393955,
        "q75": 0.015092225360012585,
        "q90": 0.022946220581368613
      },
      "rvol_15m": {
        "q10": 0.4160360348606331,
        "q25": 0.5664029579223466,
        "q50": 0.7997860621670668,
        "q75": 1.1858806785247167,
        "q90": 1.8052720033353937
      },
      "vol_ratio_1h": {
        "q10": 0.4134582000622913,
        "q25": 0.5518929539356981,
        "q50": 0.7770002657511713,
        "q75": 1.168306437962809,
        "q90": 1.8028843303159818
      }
    },
    "swing_trend": {
      "adx_4h": {
        "q10": 15.176602260638417,
        "q25": 18.722916439836276,
        "q50": 24.939777540964656,
        "q75": 34.051270839163706,
        "q90": 45.15249962066519
      },
      "bb_width_1h_pct": {
        "q10": 8.333333333333332,
        "q25": 23.015873015873016,
        "q50": 47.61904761904761,
        "q75": 75.39682539682539,
        "q90": 90.47619047619048
      },
      "bbwp_15m_pct": {
        "q10": 7.936507936507936,
        "q25": 23.015873015873016,
        "q50": 50.39682539682539,
        "q75": 76.5873015873016,
        "q90": 92.06349206349206
      },
      "bbwp_1h_pct": {
        "q10": 8.333333333333332,
        "q25": 23.015873015873016,
        "q50": 47.61904761904761,
        "q75": 75.39682539682539,
        "q90": 90.47619047619048
      },
      "bbwp_4h_pct": {
        "q10": 7.142857142857142,
        "q25": 19.444444444444446,
        "q50": 44.44444444444444,
        "q75": 72.61904761904762,
        "q90": 89.68253968253968
      },
      "ema_dist_frac_1h": {
        "q10": 0.0016109400792519075,
        "q25": 0.003880235134572453,
        "q50": 0.008745423063779671,
        "q75": 0.017152906761924016,
        "q90": 0.02806447236722603
      },
      "rvol_15m": {
        "q10": 0.43078058756152693,
        "q25": 0.5830689584870351,
        "q50": 0.8244299497771693,
        "q75": 1.2125996344514982,
        "q90": 1.852850689017622
      },
      "vol_ratio_1h": {
        "q10": 0.45729004121249456,
        "q25": 0.5993600115905643,
        "q50": 0.8402623070169054,
        "q75": 1.233147952405317,
        "q90": 1.8918939076858377
      }
    }
  },
  "label_config": {
    "intraday": {
      "horizon_bars": 16,
      "range_eff_max": 0.4,
      "range_ret_max": 0.008,
      "range_span_max": 0.045,
      "range_span_min": 0.006,
      "trend_eff_min": 0.6,
      "trend_ret_min": 0.015
    },
    "swing": {
      "horizon_bars": 96,
      "range_eff_max": 0.45,
      "range_ret_max": 0.015,
      "range_span_max": 0.08,
      "range_span_min": 0.01,
      "trend_eff_min": 0.65,
      "trend_ret_min": 0.03
    }
  },
  "labels": {
    "intraday": {
      "range_label": 84104,
      "rows_total": 214087,
      "trend_label": 33659
    },
    "swing": {
      "range_label": 77045,
      "rows_total": 214087,
      "trend_label": 40713
    }
  },
  "meta": {
    "data_dir": "/freqtrade/user_data/data/binance",
    "end_utc": "2026-02-13 23:45:00+00:00",
    "pair": "ETH/USDT",
    "rows_raw": 214503,
    "rows_valid_features": 214087,
    "source_path": "/freqtrade/user_data/data/binance/ETH_USDT-15m.feather",
    "start_utc": "2020-01-01 00:00:00+00:00",
    "timeframe": "15m",
    "timerange": "20200101-20260214"
  },
  "recommended_thresholds": {
    "intraday": {
      "adx_enter_max": 33.6724,
      "adx_exit_max": 43.662,
      "bbw_1h_pct_max": 79.7619,
      "bbwp_l_max": 73.0159,
      "bbwp_m_max": 74.6032,