{
  "summary": {
    "start_quote": 1000.0,
    "start_base": 0.0,
    "end_quote": 1000.0,
    "end_base": 0.0,
    "first_close": 2090.57,
    "last_close": 1972.24,
    "equity": 1000.0,
    "initial_equity": 1000.0,
    "pnl_quote": 0.0,
    "pnl_pct": 0.0,
    "box_low": 2004.5893081746901,
    "box_high": 2126.65069182531,
    "n_levels": 9,
    "step": 13.562375961179896,
    "maker_fee_pct": 0.1,
    "stop_out_steps": 1,
    "touch_fill": true,
    "tp_price": 2089.57,
    "sl_price": 1991.0269322135102
  },
  "fills": [],
  "open_orders": [],
  "curve": [
    {
      "ts": "2026-02-08T00:00:00+00:00",
      "close": 2090.57,
      "quote": 1000.0,
      "base": 0.0,
      "equity": 1000.0,
      "open_orders": 0,
      "stop": true
    }
  ]
}