{
  "summary": {
    "start_quote": 1000.0,
    "start_base": 0.0,
    "end_quote": 1000.0,
    "end_base": 0.0,
    "first_close": 128.87,
    "last_close": 2027.1,
    "equity": 1000.0,
    "initial_equity": 1000.0,
    "pnl_quote": 0.0,
    "pnl_pct": 0.0,
    "box_low": 2232.5619714471154,
    "box_high": 2830.7480285528845,
    "n_levels": 33,
    "step": 18.126850215326158,
    "maker_fee_pct": 0.1,
    "stop_out_steps": 1,
    "touch_fill": true
  },
  "fills": [],
  "open_orders": [],
  "curve": [
    {
      "ts": "2020-01-01T00:00:00+00:00",
      "close": 128.87,
      "quote": 1000.0,
      "base": 0.0,
      "equity": 1000.0,
      "open_orders": 0,
      "stop": true
    }
  ]
}